"annotation_id","annotator","created_at","id","image","label","lead_time","updated_at"
225,"1","2025-09-16T10:27:50.656228Z",39,"/data/upload/5/9f34d718-frame_0190.png","[{""x"":0,""y"":5.551151746803923,""width"":6.593406593406594,""height"":42.0923279618932,""rotation"":0,""rectanglelabels"":[""close""],""original_width"":898,""original_height"":506},{""x"":6.593406593406595,""y"":5.063595824465395,""width"":15.20146520146531,""height"":42.74240252501145,""rotation"":0,""rectanglelabels"":[""close""],""original_width"":898,""original_height"":506},{""x"":22.344322344322347,""y"":4.901077183685879,""width"":15.750915750915834,""height"":43.71751436968831,""rotation"":0,""rectanglelabels"":[""close""],""original_width"":898,""original_height"":506},{""x"":40.476190476190716,""y"":4.413521261347381,""width"":16.11721611721588,""height"":44.53010757358582,""rotation"":0,""rectanglelabels"":[""close""],""original_width"":898,""original_height"":506},{""x"":57.50915750915762,""y"":4.088483979788342,""width"":16.025641025641047,""height"":45.50521941826302,""rotation"":0,""rectanglelabels"":[""close""],""original_width"":898,""original_height"":506},{""x"":74.63369963370025,""y"":3.11337213511129,""width"":18.04029304029267,""height"":46.31781262216054,""rotation"":0,""rectanglelabels"":[""close""],""original_width"":898,""original_height"":506},{""x"":0,""y"":47.15592378635887,""width"":7.783882783882784,""height"":39.979585631759264,""rotation"":0,""rectanglelabels"":[""close""],""original_width"":898,""original_height"":506},{""x"":7.692307692307732,""y"":47.15592378635875,""width"":14.560439560439525,""height"":41.11721611721594,""rotation"":0,""rectanglelabels"":[""close""],""original_width"":898,""original_height"":506},{""x"":0,""y"":86.16039757344136,""width"":8.150183150183164,""height"":13.839602426558633,""rotation"":0,""rectanglelabels"":[""close""],""original_width"":898,""original_height"":506},{""x"":8.516483516483595,""y"":87.13550941811845,""width"":14.010989010988936,""height"":12.864490581881553,""rotation"":0,""rectanglelabels"":[""close""],""original_width"":898,""original_height"":506},{""x"":40.659340659340735,""y"":47.64347970869719,""width"":15.476190476190402,""height"":42.57988388423162,""rotation"":0,""rectanglelabels"":[""close""],""original_width"":898,""original_height"":506},{""x"":56.868131868131975,""y"":47.96851699025622,""width"":15.934065934065918,""height"":44.04255165124732,""rotation"":0,""rectanglelabels"":[""close""],""original_width"":898,""original_height"":506},{""x"":73.53479853479887,""y"":48.618591553374316,""width"":17.30769230769201,""height"":44.20507029202671,""rotation"":0,""rectanglelabels"":[""close""],""original_width"":898,""original_height"":506},{""x"":40.65934065934067,""y"":89.8983263113704,""width"":15.201465201465453,""height"":9.751118446770072,""rotation"":0,""rectanglelabels"":[""close""],""original_width"":898,""original_height"":506},{""x"":56.68498168498189,""y"":90.06084495214958,""width"":15.750915750915595,""height"":9.91363708755014,""rotation"":0,""rectanglelabels"":[""close""],""original_width"":898,""original_height"":506},{""x"":73.3516483516489,""y"":91.36099407838577,""width"":16.2087912087907,""height"":8.639005921614228,""rotation"":0,""rectanglelabels"":[""close""],""original_width"":898,""original_height"":506}]",141.53699999999998,"2025-09-16T10:27:50.656228Z"
226,"1","2025-09-16T10:28:43.853569Z",40,"/data/upload/5/2f661a75-frame_0195.png","[{""x"":6.318681318681318,""y"":4.90107718368588,""width"":16.20879120879121,""height"":44.042551651247315,""rotation"":0,""rectanglelabels"":[""close""],""original_width"":898,""original_height"":506},{""x"":40.56776556776557,""y"":4.4135212613473485,""width"":16.025641025641036,""height"":45.017663495924374,""rotation"":0,""rectanglelabels"":[""close""],""original_width"":898,""original_height"":506},{""x"":57.6923076923077,""y"":3.9259653390088176,""width"":16.3003663003663,""height"":45.83025669982193,""rotation"":0,""rectanglelabels"":[""close""],""original_width"":898,""original_height"":506},{""x"":74.54212454212457,""y"":3.2758907758907765,""width"":18.223443223443184,""height"":46.64284990371949,""rotation"":0,""rectanglelabels"":[""close""],""original_width"":898,""original_height"":506},{""x"":56.86813186813187,""y"":48.61859155337439,""width"":16.3919413919415,""height"":43.22995844734956,""rotation"":0,""rectanglelabels"":[""close""],""original_width"":898,""original_height"":506},{""x"":73.6263736263741,""y"":48.94362883493357,""width"":17.30769230769186,""height"":43.88003301046743,""rotation"":0,""rectanglelabels"":[""close""],""original_width"":898,""original_height"":506}]",46.396,"2025-09-16T10:28:43.853569Z"
227,"1","2025-09-16T10:29:47.293860Z",41,"/data/upload/5/10f97039-frame_0200.png","[{""x"":6.684981684981685,""y"":5.0635958244653905,""width"":15.293040293040296,""height"":43.22995844734976,""rotation"":0,""rectanglelabels"":[""close""],""original_width"":898,""original_height"":506},{""x"":40.93406593406594,""y"":4.576039902126857,""width"":15.750915750915809,""height"":44.85514485514487,""rotation"":0,""rectanglelabels"":[""close""],""original_width"":898,""original_height"":506},{""x"":57.50915750915752,""y"":4.088483979788328,""width"":16.758241758241752,""height"":45.342700777483394,""rotation"":0,""rectanglelabels"":[""close""],""original_width"":898,""original_height"":506},{""x"":74.90842490842492,""y"":3.438409416670287,""width"":17.857142857142847,""height"":46.31781262216046,""rotation"":0,""rectanglelabels"":[""close""],""original_width"":898,""original_height"":506},{""x"":73.53479853479867,""y"":49.10614747571272,""width"":17.765567765567628,""height"":43.55499572890879,""rotation"":0,""rectanglelabels"":[""close""],""original_width"":898,""original_height"":506},{""x"":56.959706959707155,""y"":48.78111019415406,""width"":16.39194139194121,""height"":43.392477088128885,""rotation"":0,""rectanglelabels"":[""close""],""original_width"":898,""original_height"":506}]",54.508,"2025-09-16T10:29:47.293860Z"
228,"1","2025-09-16T10:30:47.993295Z",42,"/data/upload/5/b0c4eb42-frame_0205.png","[{""x"":6.501831501831503,""y"":4.576039902126859,""width"":16.025641025641026,""height"":44.042551651247315,""rotation"":0,""rectanglelabels"":[""close""],""original_width"":898,""original_height"":506},{""x"":40.93406593406594,""y"":4.9010771836858815,""width"":15.93406593406597,""height"":44.69262621436537,""rotation"":0,""rectanglelabels"":[""close""],""original_width"":898,""original_height"":506},{""x"":57.600732600732606,""y"":3.7634466982293078,""width"":16.758241758241773,""height"":46.15529398138095,""rotation"":0,""rectanglelabels"":[""close""],""original_width"":898,""original_height"":506},{""x"":74.63369963369964,""y"":3.7634466982293078,""width"":18.223443223443226,""height"":47.29292446683752,""rotation"":0,""rectanglelabels"":[""close""],""original_width"":898,""original_height"":506},{""x"":56.959706959706956,""y"":48.94362883493319,""width"":16.20879120879122,""height"":43.22995844734976,""rotation"":0,""rectanglelabels"":[""close""],""original_width"":898,""original_height"":506},{""x"":73.62637362637365,""y"":50.08125932038976,""width"":17.490842490842482,""height"":42.092327961893176,""rotation"":0,""rectanglelabels"":[""close""],""original_width"":898,""original_height"":506}]",57.009,"2025-09-16T10:30:47.993295Z"
229,"1","2025-09-16T10:50:54.672433Z",43,"/data/upload/5/90ae20a7-frame_0210.png","[{""x"":6.77655677655678,""y"":5.388633106024414,""width"":15.293040293040288,""height"":43.392477088129276,""rotation"":0,""rectanglelabels"":[""close""],""original_width"":898,""original_height"":506},{""x"":41.117216117216124,""y"":5.2261144652449,""width"":15.750915750915873,""height"":43.88003301046787,""rotation"":0,""rectanglelabels"":[""close""],""original_width"":898,""original_height"":506},{""x"":57.50915750915748,""y"":4.251002620567839,""width"":16.941391941391963,""height"":45.8302566998219,""rotation"":0,""rectanglelabels"":[""close""],""original_width"":898,""original_height"":506},{""x"":75.00000000000001,""y"":4.2510026205678395,""width"":17.76556776556777,""height"":45.505219418262904,""rotation"":0,""rectanglelabels"":[""close""],""original_width"":898,""original_height"":506},{""x"":57.05128205128206,""y"":48.61859155337417,""width"":16.117216117216117,""height"":43.55499572890878,""rotation"":0,""rectanglelabels"":[""close""],""original_width"":898,""original_height"":506},{""x"":73.80952380952392,""y"":48.78111019415367,""width"":17.49084249084242,""height"":44.53010757358586,""rotation"":0,""rectanglelabels"":[""close""],""original_width"":898,""original_height"":506}]",1201.9550000000002,"2025-09-16T10:50:54.672433Z"
230,"1","2025-09-16T10:51:50.522370Z",44,"/data/upload/5/cf361e4e-frame_0215.png","[{""x"":6.4102564102564115,""y"":5.551151746803922,""width"":15.842490842490843,""height"":43.39247708812927,""rotation"":0,""rectanglelabels"":[""close""],""original_width"":898,""original_height"":506},{""x"":40.56776556776557,""y"":4.4135212613473485,""width"":16.3003663003663,""height"":45.017663495924374,""rotation"":0,""rectanglelabels"":[""close""],""original_width"":898,""original_height"":506},{""x"":57.23443223443224,""y"":4.251002620567839,""width"":17.12454212454214,""height"":45.83025669982192,""rotation"":0,""rectanglelabels"":[""close""],""original_width"":898,""original_height"":506},{""x"":75,""y"":3.9259653390088167,""width"":17.85714285714286,""height"":45.505219418262904,""rotation"":0,""rectanglelabels"":[""close""],""original_width"":898,""original_height"":506},{""x"":57.051282051282094,""y"":49.43118475727177,""width"":16.300366300366292,""height"":42.74240252501122,""rotation"":0,""rectanglelabels"":[""close""],""original_width"":898,""original_height"":506},{""x"":73.80952380952387,""y"":48.29355427181514,""width"":17.399267399267355,""height"":45.830256699821916,""rotation"":0,""rectanglelabels"":[""close""],""original_width"":898,""original_height"":506}]",48.311,"2025-09-16T10:51:50.522370Z"
231,"1","2025-09-16T10:52:40.149675Z",45,"/data/upload/5/07716395-frame_0220.png","[{""x"":6.227106227106228,""y"":5.551151746803922,""width"":16.20879120879121,""height"":43.8800330104678,""rotation"":0,""rectanglelabels"":[""close""],""original_width"":898,""original_height"":506},{""x"":40.659340659340664,""y"":4.90107718368588,""width"":15.934065934065941,""height"":44.530107573585845,""rotation"":0,""rectanglelabels"":[""close""],""original_width"":898,""original_height"":506},{""x"":57.23443223443224,""y"":4.4135212613473485,""width"":17.3076923076923,""height"":45.83025669982193,""rotation"":0,""rectanglelabels"":[""close""],""original_width"":898,""original_height"":506},{""x"":75,""y"":4.4135212613473485,""width"":17.12454212454213,""height"":45.667738059042414,""rotation"":0,""rectanglelabels"":[""close""],""original_width"":898,""original_height"":506},{""x"":57.14285714285715,""y"":49.1061474757127,""width"":15.842490842490847,""height"":42.74240252501123,""rotation"":0,""rectanglelabels"":[""close""],""original_width"":898,""original_height"":506},{""x"":73.53479853479857,""y"":49.756222038830714,""width"":17.76556776556776,""height"":44.20507029202682,""rotation"":0,""rectanglelabels"":[""close""],""original_width"":898,""original_height"":506}]",44.139,"2025-09-16T10:52:40.149675Z"
232,"1","2025-09-16T10:53:25.224209Z",46,"/data/upload/5/e66e4fbe-frame_0225.png","[{""x"":6.593406593406594,""y"":5.713670387583432,""width"":15.65934065934066,""height"":43.55499572890878,""rotation"":0,""rectanglelabels"":[""close""],""original_width"":898,""original_height"":506},{""x"":40.93406593406594,""y"":5.063595824465389,""width"":15.934065934065963,""height"":44.69262621436536,""rotation"":0,""rectanglelabels"":[""close""],""original_width"":898,""original_height"":506},{""x"":57.600732600732606,""y"":4.90107718368588,""width"":16.57509157509157,""height"":45.180182136703884,""rotation"":0,""rectanglelabels"":[""close""],""original_width"":898,""original_height"":506},{""x"":74.35897435897438,""y"":4.4135212613473485,""width"":18.315018315018293,""height"":45.83025669982193,""rotation"":0,""rectanglelabels"":[""close""],""original_width"":898,""original_height"":506},{""x"":57.14285714285715,""y"":49.1061474757127,""width"":16.208791208791197,""height"":43.06743980657025,""rotation"":0,""rectanglelabels"":[""close""],""original_width"":898,""original_height"":506},{""x"":73.71794871794873,""y"":49.75622203883075,""width"":17.490842490842482,""height"":43.39247708812926,""rotation"":0,""rectanglelabels"":[""close""],""original_width"":898,""original_height"":506}]",40.900999999999996,"2025-09-16T10:53:25.224209Z"
233,"1","2025-09-16T11:14:39.285233Z",47,"/data/upload/5/bcf7a8db-frame_0230.png","[{""x"":6.593406593406594,""y"":5.876189028362942,""width"":15.56776556776557,""height"":43.39247708812927,""rotation"":0,""rectanglelabels"":[""close""],""original_width"":898,""original_height"":506},{""x"":40.476190476190474,""y"":5.2261144652449,""width"":16.02564102564103,""height"":45.01766349592438,""rotation"":0,""rectanglelabels"":[""close""],""original_width"":898,""original_height"":506},{""x"":57.23443223443224,""y"":4.73855854290637,""width"":16.48351648351649,""height"":45.66773805904242,""rotation"":0,""rectanglelabels"":[""close""],""original_width"":898,""original_height"":506},{""x"":74.54212454212468,""y"":4.25100262056784,""width"":18.4981684981684,""height"":46.15529398138092,""rotation"":0,""rectanglelabels"":[""close""],""original_width"":898,""original_height"":506},{""x"":57.32600732600732,""y"":50.08125932038976,""width"":15.750915750915745,""height"":42.74240252501124,""rotation"":0,""rectanglelabels"":[""close""],""original_width"":898,""original_height"":506},{""x"":74.08424908424915,""y"":50.08125932038977,""width"":17.12454212454207,""height"":43.717514369688324,""rotation"":0,""rectanglelabels"":[""close""],""original_width"":898,""original_height"":506}]",1262.95,"2025-09-16T11:14:39.285233Z"
234,"1","2025-09-16T11:15:20.183446Z",48,"/data/upload/5/4169139d-frame_0235.png","[{""x"":40.476190476190474,""y"":4.90107718368588,""width"":16.20879120879122,""height"":44.692626214365355,""rotation"":0,""rectanglelabels"":[""close""],""original_width"":898,""original_height"":506},{""x"":6.043956043956045,""y"":5.876189028362942,""width"":16.20879120879121,""height"":43.39247708812927,""rotation"":0,""rectanglelabels"":[""close""],""original_width"":898,""original_height"":506},{""x"":57.14285714285773,""y"":4.901077183685923,""width"":17.032967032966468,""height"":45.18018213670384,""rotation"":0,""rectanglelabels"":[""close""],""original_width"":898,""original_height"":506},{""x"":74.81684981684982,""y"":4.4135212613473485,""width"":17.67399267399267,""height"":45.83025669982193,""rotation"":0,""rectanglelabels"":[""close""],""original_width"":898,""original_height"":506},{""x"":56.593406593406606,""y"":49.26866611649221,""width"":16.483516483516475,""height"":43.06743980657025,""rotation"":0,""rectanglelabels"":[""close""],""original_width"":898,""original_height"":506}]",29.592,"2025-09-16T11:15:20.183446Z"
235,"1","2025-09-16T11:15:59.200274Z",49,"/data/upload/5/f9982572-frame_0240.png","[{""x"":6.684981684981685,""y"":6.038707669142453,""width"":15.293040293040296,""height"":42.74240252501123,""rotation"":0,""rectanglelabels"":[""close""],""original_width"":898,""original_height"":506},{""x"":40.10989010989012,""y"":4.73855854290637,""width"":16.391941391941387,""height"":44.855144855144864,""rotation"":0,""rectanglelabels"":[""close""],""original_width"":898,""original_height"":506},{""x"":57.23443223443224,""y"":4.73855854290637,""width"":17.03296703296703,""height"":45.01766349592438,""rotation"":0,""rectanglelabels"":[""close""],""original_width"":898,""original_height"":506},{""x"":74.63369963369964,""y"":4.576039902126859,""width"":17.67399267399267,""height"":45.99277534060143,""rotation"":0,""rectanglelabels"":[""close""],""original_width"":898,""original_height"":506},{""x"":56.776556776556774,""y"":49.26866611649221,""width"":16.483516483516482,""height"":43.22995844734977,""rotation"":0,""rectanglelabels"":[""close""],""original_width"":898,""original_height"":506},{""x"":73.9010989010989,""y"":49.91874067961026,""width"":16.575091575091577,""height"":43.22995844734975,""rotation"":0,""rectanglelabels"":[""close""],""original_width"":898,""original_height"":506}]",32.753,"2025-09-16T11:15:59.200274Z"
236,"1","2025-09-16T11:16:34.503424Z",50,"/data/upload/5/906d98e9-frame_0245.png","[{""x"":6.501831501831526,""y"":5.713670387583466,""width"":15.659340659340645,""height"":43.71751436968824,""rotation"":0,""rectanglelabels"":[""close""],""original_width"":898,""original_height"":506},{""x"":39.83516483516484,""y"":4.251002620567839,""width"":16.57509157509157,""height"":45.99277534060144,""rotation"":0,""rectanglelabels"":[""close""],""original_width"":898,""original_height"":506},{""x"":57.23443223443224,""y"":5.551151746803922,""width"":16.57509157509157,""height"":44.205070292026825,""rotation"":0,""rectanglelabels"":[""close""],""original_width"":898,""original_height"":506},{""x"":74.45054945054946,""y"":3.9259653390088176,""width"":17.857142857142847,""height"":46.64284990371947,""rotation"":0,""rectanglelabels"":[""close""],""original_width"":898,""original_height"":506},{""x"":56.776556776556774,""y"":50.08125932038976,""width"":15.934065934065927,""height"":42.57988388423172,""rotation"":0,""rectanglelabels"":[""close""],""original_width"":898,""original_height"":506}]",29.418,"2025-09-16T11:16:34.503424Z"
237,"1","2025-09-16T11:17:12.294076Z",51,"/data/upload/5/54884c50-frame_0250.png","[{""x"":40.29304029304029,""y"":4.251002620567839,""width"":16.20879120879121,""height"":46.48033126293998,""rotation"":0,""rectanglelabels"":[""close""],""original_width"":898,""original_height"":506},{""x"":6.227106227106228,""y"":6.038707669142453,""width"":15.842490842490845,""height"":43.55499572890878,""rotation"":0,""rectanglelabels"":[""close""],""original_width"":898,""original_height"":506},{""x"":56.776556776556774,""y"":49.1061474757127,""width"":16.208791208791226,""height"":44.20507029202683,""rotation"":0,""rectanglelabels"":[""close""],""original_width"":898,""original_height"":506},{""x"":73.44322344322345,""y"":49.43118475727172,""width"":17.216117216117226,""height"":44.36758893280633,""rotation"":0,""rectanglelabels"":[""close""],""original_width"":898,""original_height"":506},{""x"":56.776556776556774,""y"":5.388633106024411,""width"":17.490842490842496,""height"":43.8800330104678,""rotation"":0,""rectanglelabels"":[""close""],""original_width"":898,""original_height"":506},{""x"":74.26739926739927,""y"":3.438409416670287,""width"":18.223443223443226,""height"":46.9678871852785,""rotation"":0,""rectanglelabels"":[""close""],""original_width"":898,""original_height"":506}]",33.774,"2025-09-16T11:17:12.294076Z"
86,"1","2025-09-15T16:14:03.169106Z",52,"/data/upload/5/556d94e0-frame_0255.png","[{""x"":40.55308092056421,""y"":3.2828282828282833,""width"":16.007795100222722,""height"":47.22222222222222,""rotation"":0,""rectanglelabels"":[""open""],""original_width"":898,""original_height"":506},{""x"":6.138664059246382,""y"":6.178861788617886,""width"":15.850580332083942,""height"":43.2520325203252,""rotation"":0,""rectanglelabels"":[""close""],""original_width"":898,""original_height"":506},{""x"":56.713926159306126,""y"":4.878048780487805,""width"":17.316529958172637,""height"":44.71544715447155,""rotation"":0,""rectanglelabels"":[""close""],""original_width"":898,""original_height"":506},{""x"":74.7634309305231,""y"":4.390243902439024,""width"":17.49977366143372,""height"":45.853658536585364,""rotation"":0,""rectanglelabels"":[""close""],""original_width"":898,""original_height"":506},{""x"":56.80554801093667,""y"":49.43089430894309,""width"":16.03382403534504,""height"":42.926829268292686,""rotation"":0,""rectanglelabels"":[""close""],""original_width"":898,""original_height"":506},{""x"":73.75559056258713,""y"":49.91869918699187,""width"":16.583555145128287,""height"":43.414634146341456,""rotation"":0,""rectanglelabels"":[""close""],""original_width"":898,""original_height"":506}]",42.569,"2025-09-16T11:17:37.628666Z"
222,"1","2025-09-16T10:22:38.695651Z",53,"/data/upload/5/4e970843-frame_0260.png","[{""x"":40.476190476190474,""y"":4.088483979788328,""width"":15.934065934065934,""height"":46.15529398138095,""rotation"":0,""rectanglelabels"":[""open""],""original_width"":898,""original_height"":506},{""x"":6.413529614138011,""y"":6.178861788617886,""width"":15.575714777192314,""height"":43.577235772357724,""rotation"":0,""rectanglelabels"":[""close""],""original_width"":898,""original_height"":506},{""x"":56.713926159306126,""y"":5.365853658536586,""width"":17.133286254911553,""height"":44.22764227642276,""rotation"":0,""rectanglelabels"":[""close""],""original_width"":898,""original_height"":506},{""x"":74.03045611747876,""y"":3.902439024390244,""width"":18.232748474478058,""height"":46.5040650406504,""rotation"":0,""rectanglelabels"":[""close""],""original_width"":898,""original_height"":506},{""x"":56.713926159306126,""y"":49.59349593495935,""width"":16.125445886975584,""height"":42.92682926829268,""rotation"":0,""rectanglelabels"":[""close""],""original_width"":898,""original_height"":506},{""x"":73.29748130443441,""y"":49.43089430894309,""width"":17.13328625491154,""height"":44.552845528455286,""rotation"":0,""rectanglelabels"":[""close""],""original_width"":898,""original_height"":506}]",34.358000000000004,"2025-09-16T11:18:01.547307Z"
223,"1","2025-09-16T10:22:50.307803Z",54,"/data/upload/5/1a6e523a-frame_0265.png","[{""x"":40.56776556776557,""y"":4.4135212613473485,""width"":15.934065934065934,""height"":46.80536854449899,""rotation"":0,""rectanglelabels"":[""open""],""original_width"":898,""original_height"":506},{""x"":5.9554203559852965,""y"":6.341463414634147,""width"":16.12544588697557,""height"":44.22764227642276,""rotation"":0,""rectanglelabels"":[""close""],""original_width"":898,""original_height"":506},{""x"":56.622304307675584,""y"":49.105691056910565,""width"":16.491933293497745,""height"":43.90243902439024,""rotation"":0,""rectanglelabels"":[""close""],""original_width"":898,""original_height"":506},{""x"":56.713926159306126,""y"":5.040650406504065,""width"":17.224908106542088,""height"":45.36585365853659,""rotation"":0,""rectanglelabels"":[""close""],""original_width"":898,""original_height"":506},{""x"":74.7634309305231,""y"":4.227642276422764,""width"":17.591395513064256,""height"":45.85365853658537,""rotation"":0,""rectanglelabels"":[""close""],""original_width"":898,""original_height"":506},{""x"":73.75559056258713,""y"":50.081300813008134,""width"":16.858420700019906,""height"":43.57723577235773,""rotation"":0,""rectanglelabels"":[""close""],""original_width"":898,""original_height"":506}]",32.893,"2025-09-16T11:18:27.232305Z"
224,"1","2025-09-16T10:22:59.735263Z",55,"/data/upload/5/a095b0bc-frame_0270.png","[{""x"":40.29304029304029,""y"":4.251002620567839,""width"":16.117216117216117,""height"":46.15529398138095,""rotation"":0,""rectanglelabels"":[""open""],""original_width"":898,""original_height"":506},{""x"":6.230285910876925,""y"":6.341463414634147,""width"":15.758958480453398,""height"":43.41463414634146,""rotation"":0,""rectanglelabels"":[""close""],""original_width"":898,""original_height"":506},{""x"":56.98879171419776,""y"":5.040650406504065,""width"":16.76679884838937,""height"":45.203252032520325,""rotation"":0,""rectanglelabels"":[""close""],""original_width"":898,""original_height"":506},{""x"":74.30532167237038,""y"":4.227642276422764,""width"":18.049504771216974,""height"":46.50406504065041,""rotation"":0,""rectanglelabels"":[""close""],""original_width"":898,""original_height"":506},{""x"":73.66396871095657,""y"":50.081300813008134,""width"":16.950042551650473,""height"":43.41463414634146,""rotation"":0,""rectanglelabels"":[""close""],""original_width"":898,""original_height"":506}]",32.35,"2025-09-16T11:18:56.918575Z"
87,"1","2025-09-15T16:14:17.908182Z",56,"/data/upload/5/7bb63c71-frame_0275.png","[{""x"":40.26849789656025,""y"":5.05050505050505,""width"":16.292378124226687,""height"":45.45454545454545,""rotation"":0,""rectanglelabels"":[""open""],""original_width"":898,""original_height"":506},{""x"":5.863798504354753,""y"":6.178861788617886,""width"":15.942202183714487,""height"":42.92682926829268,""rotation"":0,""rectanglelabels"":[""close""],""original_width"":898,""original_height"":506},{""x"":57.172035417458844,""y"":5.040650406504065,""width"":16.491933293497738,""height"":45.69105691056911,""rotation"":0,""rectanglelabels"":[""close""],""original_width"":898,""original_height"":506},{""x"":74.39694352400093,""y"":4.227642276422764,""width"":17.591395513064256,""height"":45.85365853658537,""rotation"":0,""rectanglelabels"":[""close""],""original_width"":898,""original_height"":506},{""x"":73.84721241421768,""y"":49.26829268292683,""width"":16.12544588697557,""height"":46.016260162601625,""rotation"":0,""rectanglelabels"":[""close""],""original_width"":898,""original_height"":506}]",32.025999999999996,"2025-09-16T11:19:16.715967Z"
88,"1","2025-09-15T16:14:30.911900Z",57,"/data/upload/5/33dcecfb-frame_0280.png","[{""x"":40.12620638455827,""y"":4.797979797979798,""width"":16.29237812422668,""height"":45.32828282828283,""rotation"":0,""rectanglelabels"":[""open""],""original_width"":898,""original_height"":506},{""x"":6.230285910876925,""y"":5.853658536585367,""width"":15.758958480453398,""height"":43.739837398373986,""rotation"":0,""rectanglelabels"":[""close""],""original_width"":898,""original_height"":506},{""x"":57.263657269089386,""y"":4.390243902439024,""width"":16.491933293497745,""height"":46.66666666666667,""rotation"":0,""rectanglelabels"":[""close""],""original_width"":898,""original_height"":506},{""x"":74.30532167237038,""y"":4.5528455284552845,""width"":18.049504771216974,""height"":46.666666666666664,""rotation"":0,""rectanglelabels"":[""close""],""original_width"":898,""original_height"":506},{""x"":73.93883426584824,""y"":49.918699186991844,""width"":16.583555145128287,""height"":43.90243902439027,""rotation"":0,""rectanglelabels"":[""close""],""original_width"":898,""original_height"":506}]",2708.9429999999998,"2025-09-16T12:04:16.406587Z"
89,"1","2025-09-15T16:14:44.506300Z",58,"/data/upload/5/575bde5e-frame_0285.png","[{""x"":40.26849789656025,""y"":5.555555555555555,""width"":16.007795100222722,""height"":44.44444444444444,""rotation"":0,""rectanglelabels"":[""open""],""original_width"":898,""original_height"":506},{""x"":6.047042207615839,""y"":6.504065040650407,""width"":16.125445886975573,""height"":43.08943089430894,""rotation"":0,""rectanglelabels"":[""close""],""original_width"":898,""original_height"":506},{""x"":56.713926159306126,""y"":5.203252032520325,""width"":16.950042551650455,""height"":44.552845528455286,""rotation"":0,""rectanglelabels"":[""close""],""original_width"":898,""original_height"":506},{""x"":74.39694352400093,""y"":4.390243902439024,""width"":17.77463921632534,""height"":45.52845528455285,""rotation"":0,""rectanglelabels"":[""close""],""original_width"":898,""original_height"":506},{""x"":73.75559056258713,""y"":49.43089430894309,""width"":16.40031144186719,""height"":44.552845528455286,""rotation"":0,""rectanglelabels"":[""close""],""original_width"":898,""original_height"":506}]",32.393,"2025-09-16T12:04:38.094955Z"
90,"1","2025-09-15T16:14:57.492687Z",59,"/data/upload/5/4dfb627d-frame_0290.png","[{""x"":40.19735214055926,""y"":5.1767676767676765,""width"":16.150086612224705,""height"":45.07575757575757,""rotation"":0,""rectanglelabels"":[""open""],""original_width"":898,""original_height"":506},{""x"":6.321907762507468,""y"":6.504065040650407,""width"":15.575714777192314,""height"":43.577235772357724,""rotation"":0,""rectanglelabels"":[""close""],""original_width"":898,""original_height"":506},{""x"":56.80554801093667,""y"":5.528455284552845,""width"":16.491933293497745,""height"":44.390243902439025,""rotation"":0,""rectanglelabels"":[""close""],""original_width"":898,""original_height"":506},{""x"":74.39694352400093,""y"":4.5528455284552845,""width"":17.13328625491154,""height"":45.6910569105691,""rotation"":0,""rectanglelabels"":[""close""],""original_width"":898,""original_height"":506},{""x"":73.66396871095658,""y"":49.75609756097561,""width"":16.5835551451283,""height"":43.902439024390254,""rotation"":0,""rectanglelabels"":[""close""],""original_width"":898,""original_height"":506}]",28.003,"2025-09-16T12:04:56.021027Z"
91,"1","2025-09-15T16:15:07.543458Z",60,"/data/upload/5/0cbb0f48-frame_0295.png","[{""x"":40.12620638455827,""y"":5.05050505050505,""width"":16.07894085622371,""height"":45.45454545454545,""rotation"":0,""rectanglelabels"":[""open""],""original_width"":898,""original_height"":506},{""x"":5.9554203559852965,""y"":6.341463414634147,""width"":15.850580332083943,""height"":43.2520325203252,""rotation"":0,""rectanglelabels"":[""close""],""original_width"":898,""original_height"":506},{""x"":56.713926159306126,""y"":4.878048780487805,""width"":16.950042551650455,""height"":45.04065040650407,""rotation"":0,""rectanglelabels"":[""close""],""original_width"":898,""original_height"":506},{""x"":73.75559056258713,""y"":49.43089430894309,""width"":16.67517699675882,""height"":44.39024390243903,""rotation"":0,""rectanglelabels"":[""close""],""original_width"":898,""original_height"":506},{""x"":74.58018722726202,""y"":4.715447154471545,""width"":16.76679884838937,""height"":45.6910569105691,""rotation"":0,""rectanglelabels"":[""close""],""original_width"":898,""original_height"":506}]",35.16,"2025-09-16T12:05:24.429749Z"
92,"1","2025-09-15T16:15:17.856985Z",61,"/data/upload/5/a702ca8e-frame_0300.png","[{""x"":39.98391487255629,""y"":5.05050505050505,""width"":16.221232368225692,""height"":44.94949494949495,""rotation"":0,""rectanglelabels"":[""open""],""original_width"":898,""original_height"":506}]",9.187,"2025-09-15T16:15:17.856985Z"
93,"1","2025-09-15T16:15:28.528681Z",62,"/data/upload/5/ab190060-frame_0305.png","[{""x"":39.98391487255629,""y"":5.05050505050505,""width"":16.221232368225692,""height"":45.45454545454545,""rotation"":0,""rectanglelabels"":[""open""],""original_width"":898,""original_height"":506}]",9.866,"2025-09-15T16:15:28.528681Z"
94,"1","2025-09-15T16:15:38.734984Z",63,"/data/upload/5/655d0df2-frame_0310.png","[{""x"":39.9127691165553,""y"":4.671717171717172,""width"":16.150086612224698,""height"":45.707070707070706,""rotation"":0,""rectanglelabels"":[""open""],""original_width"":898,""original_height"":506}]",9.237,"2025-09-15T16:15:38.734984Z"
95,"1","2025-09-15T16:15:50.770894Z",64,"/data/upload/5/dcec118a-frame_0315.png","[{""x"":39.9127691165553,""y"":5.42929292929293,""width"":16.150086612224698,""height"":44.94949494949495,""rotation"":0,""rectanglelabels"":[""open""],""original_width"":898,""original_height"":506}]",11.2,"2025-09-15T16:15:50.770894Z"
96,"1","2025-09-15T16:16:01.286985Z",65,"/data/upload/5/fc4a0758-frame_0320.png","[{""x"":39.841623360554316,""y"":5.681818181818182,""width"":16.007795100222715,""height"":44.570707070707066,""rotation"":0,""rectanglelabels"":[""open""],""original_width"":898,""original_height"":506}]",9.469,"2025-09-15T16:16:01.286985Z"
97,"1","2025-09-15T16:16:09.751264Z",66,"/data/upload/5/d3e36cfd-frame_0325.png","[{""x"":39.77047760455332,""y"":5.303030303030303,""width"":15.865503588220747,""height"":45.45454545454545,""rotation"":0,""rectanglelabels"":[""open""],""original_width"":898,""original_height"":506}]",7.509,"2025-09-15T16:16:09.751264Z"
98,"1","2025-09-15T16:16:19.523650Z",67,"/data/upload/5/77679054-frame_0330.png","[{""x"":39.9127691165553,""y"":5.934343434343434,""width"":15.86550358822074,""height"":44.696969696969695,""rotation"":0,""rectanglelabels"":[""open""],""original_width"":898,""original_height"":506}]",8.829,"2025-09-15T16:16:19.523650Z"
99,"1","2025-09-15T16:16:31.207011Z",68,"/data/upload/5/972d0797-frame_0335.png","[{""x"":39.9127691165553,""y"":5.681818181818182,""width"":15.580920564216783,""height"":44.94949494949495,""rotation"":0,""rectanglelabels"":[""open""],""original_width"":898,""original_height"":506}]",10.852,"2025-09-15T16:16:31.207011Z"
100,"1","2025-09-15T16:16:38.177932Z",69,"/data/upload/5/388c7312-frame_0340.png","[{""x"":39.55704033655035,""y"":5.555555555555555,""width"":15.936649344221735,""height"":45.454545454545446,""rotation"":0,""rectanglelabels"":[""open""],""original_width"":898,""original_height"":506}]",5.642,"2025-09-15T16:16:38.177932Z"
101,"1","2025-09-15T16:16:44.882916Z",70,"/data/upload/5/41ed200c-frame_0345.png","[{""x"":39.628186092551346,""y"":5.303030303030303,""width"":15.794357832219752,""height"":45.95959595959596,""rotation"":0,""rectanglelabels"":[""open""],""original_width"":898,""original_height"":506}]",5.844,"2025-09-15T16:16:44.882916Z"
102,"1","2025-09-15T16:16:55.013657Z",71,"/data/upload/5/a510e527-frame_0350.png","[{""x"":39.77047760455332,""y"":5.42929292929293,""width"":15.723212076218765,""height"":45.32828282828283,""rotation"":0,""rectanglelabels"":[""open""],""original_width"":898,""original_height"":506}]",9.051,"2025-09-15T16:16:55.013657Z"
103,"1","2025-09-15T16:17:02.224872Z",72,"/data/upload/5/e12398c5-frame_0355.png","[{""x"":39.69933184855233,""y"":5.1767676767676765,""width"":15.723212076218765,""height"":45.45454545454545,""rotation"":0,""rectanglelabels"":[""open""],""original_width"":898,""original_height"":506}]",6.219,"2025-09-15T16:17:02.224872Z"
104,"1","2025-09-15T16:17:09.304540Z",73,"/data/upload/5/ae381484-frame_0360.png","[{""x"":39.69933184855233,""y"":5.303030303030303,""width"":16.07894085622371,""height"":45.95959595959596,""rotation"":0,""rectanglelabels"":[""open""],""original_width"":898,""original_height"":506}]",6.232,"2025-09-15T16:17:09.304540Z"
105,"1","2025-09-15T16:17:16.445990Z",74,"/data/upload/5/c1853ebb-frame_0365.png","[{""x"":39.48589458054936,""y"":5.1767676767676765,""width"":16.221232368225692,""height"":45.2020202020202,""rotation"":0,""rectanglelabels"":[""open""],""original_width"":898,""original_height"":506}]",5.888,"2025-09-15T16:17:16.445990Z"
106,"1","2025-09-15T16:17:23.524044Z",75,"/data/upload/5/e7617638-frame_0370.png","[{""x"":39.628186092551346,""y"":4.924242424242424,""width"":15.936649344221728,""height"":46.08585858585858,""rotation"":0,""rectanglelabels"":[""open""],""original_width"":898,""original_height"":506}]",5.951,"2025-09-15T16:17:23.524044Z"
107,"1","2025-09-15T16:17:29.980535Z",76,"/data/upload/5/3fd8e5f1-frame_0375.png","[{""x"":39.628186092551346,""y"":5.05050505050505,""width"":16.150086612224698,""height"":45.580808080808076,""rotation"":0,""rectanglelabels"":[""open""],""original_width"":898,""original_height"":506}]",5.374,"2025-09-15T16:17:29.980535Z"
108,"1","2025-09-15T16:18:41.909779Z",77,"/data/upload/5/6f510efe-frame_0380.png","[{""x"":39.841623360554316,""y"":5.555555555555555,""width"":15.86550358822074,""height"":45.32828282828283,""rotation"":0,""rectanglelabels"":[""open""],""original_width"":898,""original_height"":506}]",70.227,"2025-09-15T16:18:41.909779Z"
109,"1","2025-09-15T16:18:51.952938Z",78,"/data/upload/5/38881cdc-frame_0385.png","[{""x"":39.48589458054936,""y"":5.303030303030303,""width"":16.434669636228662,""height"":45.32828282828282,""rotation"":0,""rectanglelabels"":[""open""],""original_width"":898,""original_height"":506}]",8.391,"2025-09-15T16:18:51.952938Z"
110,"1","2025-09-15T16:18:57.333102Z",79,"/data/upload/5/862b7c93-frame_0390.png","[{""x"":39.48589458054936,""y"":4.797979797979798,""width"":15.794357832219752,""height"":45.707070707070706,""rotation"":0,""rectanglelabels"":[""open""],""original_width"":898,""original_height"":506}]",4.453,"2025-09-15T16:18:57.333102Z"
111,"1","2025-09-15T16:19:05.872901Z",80,"/data/upload/5/33134f82-frame_0395.png","[{""x"":39.55704033655035,""y"":5.42929292929293,""width"":16.221232368225692,""height"":44.94949494949495,""rotation"":0,""rectanglelabels"":[""open""],""original_width"":898,""original_height"":506}]",7.507,"2025-09-15T16:19:05.872901Z"
112,"1","2025-09-15T16:19:12.952980Z",81,"/data/upload/5/90d2238e-frame_0400.png","[{""x"":39.48589458054936,""y"":5.303030303030303,""width"":16.150086612224705,""height"":45.58080808080808,""rotation"":0,""rectanglelabels"":[""open""],""original_width"":898,""original_height"":506}]",6.062,"2025-09-15T16:19:12.952980Z"
113,"1","2025-09-15T16:19:21.082939Z",82,"/data/upload/5/c23c3f0a-frame_0405.png","[{""x"":39.55704033655035,""y"":4.924242424242424,""width"":16.150086612224705,""height"":46.464646464646464,""rotation"":0,""rectanglelabels"":[""open""],""original_width"":898,""original_height"":506}]",6.823,"2025-09-15T16:19:21.082939Z"
114,"1","2025-09-15T16:19:27.656963Z",83,"/data/upload/5/8110e553-frame_0410.png","[{""x"":39.48589458054936,""y"":5.1767676767676765,""width"":16.07894085622371,""height"":46.21212121212121,""rotation"":0,""rectanglelabels"":[""open""],""original_width"":898,""original_height"":506}]",5.691,"2025-09-15T16:19:27.656963Z"
115,"1","2025-09-15T16:19:36.873131Z",84,"/data/upload/5/4a12a602-frame_0415.png","[{""x"":39.48589458054936,""y"":4.797979797979798,""width"":15.65206632021777,""height"":46.338383838383834,""rotation"":0,""rectanglelabels"":[""open""],""original_width"":898,""original_height"":506}]",8.264,"2025-09-15T16:19:36.873131Z"
116,"1","2025-09-15T16:19:46.043707Z",85,"/data/upload/5/d55221ba-frame_0420.png","[{""x"":39.414748824548376,""y"":5.05050505050505,""width"":15.65206632021777,""height"":45.95959595959595,""rotation"":0,""rectanglelabels"":[""open""],""original_width"":898,""original_height"":506}]",7.937,"2025-09-15T16:19:46.043707Z"
117,"1","2025-09-15T16:19:54.306110Z",86,"/data/upload/5/c2314d5c-frame_0425.png","[{""x"":39.201311556545406,""y"":5.42929292929293,""width"":16.221232368225692,""height"":45.07575757575758,""rotation"":0,""rectanglelabels"":[""open""],""original_width"":898,""original_height"":506}]",7.113,"2025-09-15T16:19:54.306110Z"
118,"1","2025-09-15T16:20:01.281332Z",87,"/data/upload/5/a0cb46bc-frame_0430.png","[{""x"":39.27245731254639,""y"":5.05050505050505,""width"":16.29237812422668,""height"":45.580808080808076,""rotation"":0,""rectanglelabels"":[""open""],""original_width"":898,""original_height"":506}]",5.911,"2025-09-15T16:20:01.281332Z"
119,"1","2025-09-15T16:20:07.821454Z",88,"/data/upload/5/793d4819-frame_0435.png","[{""x"":39.13016580054441,""y"":5.05050505050505,""width"":16.078940856223717,""height"":45.707070707070706,""rotation"":0,""rectanglelabels"":[""open""],""original_width"":898,""original_height"":506}]",5.639,"2025-09-15T16:20:07.821454Z"
120,"1","2025-09-15T16:20:14.981536Z",89,"/data/upload/5/7d822c26-frame_0440.png","[{""x"":39.201311556545406,""y"":5.42929292929293,""width"":16.29237812422668,""height"":45.32828282828283,""rotation"":0,""rectanglelabels"":[""open""],""original_width"":898,""original_height"":506}]",6.357,"2025-09-15T16:20:14.981536Z"
121,"1","2025-09-15T16:20:23.534340Z",90,"/data/upload/5/1e93fd87-frame_0445.png","[{""x"":39.13016580054441,""y"":4.797979797979798,""width"":16.292378124226687,""height"":45.95959595959596,""rotation"":0,""rectanglelabels"":[""open""],""original_width"":898,""original_height"":506}]",7.602,"2025-09-15T16:20:23.534340Z"
122,"1","2025-09-15T16:20:30.741442Z",91,"/data/upload/5/fe0a41c3-frame_0450.png","[{""x"":39.13016580054441,""y"":4.41919191919192,""width"":16.292378124226687,""height"":47.0959595959596,""rotation"":0,""rectanglelabels"":[""open""],""original_width"":898,""original_height"":506}]",6.231,"2025-09-15T16:20:30.741442Z"
123,"1","2025-09-15T16:20:38.521204Z",92,"/data/upload/5/ceca7134-frame_0455.png","[{""x"":38.987874288542436,""y"":4.41919191919192,""width"":16.434669636228662,""height"":46.96969696969697,""rotation"":0,""rectanglelabels"":[""open""],""original_width"":898,""original_height"":506}]",6.541,"2025-09-15T16:20:38.521204Z"
124,"1","2025-09-15T16:20:44.501299Z",93,"/data/upload/5/edf2cbbe-frame_0460.png","[{""x"":39.414748824548376,""y"":4.924242424242424,""width"":15.86550358822074,""height"":45.45454545454545,""rotation"":0,""rectanglelabels"":[""open""],""original_width"":898,""original_height"":506}]",4.997,"2025-09-15T16:20:44.501299Z"
125,"1","2025-09-15T16:20:51.974007Z",94,"/data/upload/5/c213e234-frame_0465.png","[{""x"":39.201311556545406,""y"":4.797979797979798,""width"":16.150086612224698,""height"":46.08585858585859,""rotation"":0,""rectanglelabels"":[""open""],""original_width"":898,""original_height"":506}]",6.209,"2025-09-15T16:20:51.974007Z"
126,"1","2025-09-15T16:20:58.441571Z",95,"/data/upload/5/4bdbe5b8-frame_0470.png","[{""x"":39.34360306854738,""y"":4.545454545454546,""width"":16.150086612224705,""height"":46.96969696969697,""rotation"":0,""rectanglelabels"":[""open""],""original_width"":898,""original_height"":506}]",5.273,"2025-09-15T16:20:58.441571Z"
127,"1","2025-09-15T16:21:05.367819Z",96,"/data/upload/5/37709fea-frame_0475.png","[{""x"":39.34360306854738,""y"":4.671717171717172,""width"":16.150086612224705,""height"":46.338383838383834,""rotation"":0,""rectanglelabels"":[""open""],""original_width"":898,""original_height"":506}]",5.986,"2025-09-15T16:21:05.367819Z"
128,"1","2025-09-15T16:21:13.622012Z",97,"/data/upload/5/f2074bfa-frame_0480.png","[{""x"":39.201311556545406,""y"":4.545454545454546,""width"":16.50581539222965,""height"":45.7070707070707,""rotation"":0,""rectanglelabels"":[""open""],""original_width"":898,""original_height"":506}]",7.318,"2025-09-15T16:21:13.622012Z"
129,"1","2025-09-15T16:21:20.982301Z",98,"/data/upload/5/d27f67cd-frame_0485.png","[{""x"":39.414748824548376,""y"":4.671717171717172,""width"":16.150086612224698,""height"":45.95959595959596,""rotation"":0,""rectanglelabels"":[""open""],""original_width"":898,""original_height"":506}]",6.459,"2025-09-15T16:21:20.982301Z"
130,"1","2025-09-15T16:21:30.718177Z",99,"/data/upload/5/1e07cabf-frame_0490.png","[{""x"":39.414748824548376,""y"":4.671717171717172,""width"":16.150086612224698,""height"":45.45454545454546,""rotation"":0,""rectanglelabels"":[""open""],""original_width"":898,""original_height"":506}]",8.598,"2025-09-15T16:21:30.718177Z"
131,"1","2025-09-15T16:21:40.442085Z",100,"/data/upload/5/ccd78b39-frame_0495.png","[{""x"":39.201311556545406,""y"":4.166666666666666,""width"":16.648106904231625,""height"":45.959595959595966,""rotation"":0,""rectanglelabels"":[""open""],""original_width"":898,""original_height"":506}]",8.592,"2025-09-15T16:21:40.442085Z"
132,"1","2025-09-15T16:21:49.986476Z",101,"/data/upload/5/16995f75-frame_0500.png","[{""x"":39.05902004454342,""y"":4.41919191919192,""width"":16.50581539222965,""height"":45.83333333333333,""rotation"":0,""rectanglelabels"":[""open""],""original_width"":898,""original_height"":506}]",8.46,"2025-09-15T16:21:49.986476Z"
133,"1","2025-09-15T16:21:59.871409Z",102,"/data/upload/5/f699e487-frame_0505.png","[{""x"":39.201311556545406,""y"":4.292929292929292,""width"":16.50581539222965,""height"":45.58080808080808,""rotation"":0,""rectanglelabels"":[""open""],""original_width"":898,""original_height"":506}]",8.79,"2025-09-15T16:21:59.871409Z"
134,"1","2025-09-15T16:22:06.281308Z",103,"/data/upload/5/4b112a49-frame_0510.png","[{""x"":39.201311556545406,""y"":4.040404040404041,""width"":16.648106904231625,""height"":45.707070707070706,""rotation"":0,""rectanglelabels"":[""open""],""original_width"":898,""original_height"":506}]",5.558,"2025-09-15T16:22:06.281308Z"
135,"1","2025-09-15T16:22:15.461183Z",104,"/data/upload/5/618e4ac4-frame_0515.png","[{""x"":39.55704033655035,""y"":3.9141414141414144,""width"":16.007795100222722,""height"":45.70707070707071,""rotation"":0,""rectanglelabels"":[""open""],""original_width"":898,""original_height"":506}]",8.346,"2025-09-15T16:22:15.461183Z"
136,"1","2025-09-15T16:22:23.551282Z",105,"/data/upload/5/7147a143-frame_0520.png","[{""x"":39.201311556545406,""y"":4.166666666666666,""width"":16.50581539222965,""height"":45.70707070707071,""rotation"":0,""rectanglelabels"":[""open""],""original_width"":898,""original_height"":506}]",7.185,"2025-09-15T16:22:23.551282Z"
137,"1","2025-09-15T16:22:31.032294Z",106,"/data/upload/5/7e322232-frame_0525.png","[{""x"":39.414748824548376,""y"":4.41919191919192,""width"":16.221232368225692,""height"":45.20202020202021,""rotation"":0,""rectanglelabels"":[""open""],""original_width"":898,""original_height"":506}]",6.411,"2025-09-15T16:22:31.032294Z"
138,"1","2025-09-15T16:22:37.662030Z",107,"/data/upload/5/91bf1f14-frame_0530.png","[{""x"":39.201311556545406,""y"":4.671717171717172,""width"":16.434669636228662,""height"":44.823232323232325,""rotation"":0,""rectanglelabels"":[""open""],""original_width"":898,""original_height"":506}]",5.576,"2025-09-15T16:22:37.662030Z"
139,"1","2025-09-15T16:22:45.301452Z",108,"/data/upload/5/ff8c80ba-frame_0535.png","[{""x"":39.27245731254639,""y"":4.040404040404041,""width"":16.150086612224705,""height"":45.58080808080808,""rotation"":0,""rectanglelabels"":[""open""],""original_width"":898,""original_height"":506}]",6.517,"2025-09-15T16:22:45.301452Z"
140,"1","2025-09-15T16:22:52.952138Z",109,"/data/upload/5/b91fdbf4-frame_0540.png","[{""x"":39.34360306854738,""y"":3.9141414141414144,""width"":16.50581539222965,""height"":46.08585858585859,""rotation"":0,""rectanglelabels"":[""open""],""original_width"":898,""original_height"":506}]",6.572,"2025-09-15T16:22:52.952138Z"
141,"1","2025-09-15T16:23:00.112055Z",110,"/data/upload/5/3d55d3a6-frame_0545.png","[{""x"":39.13016580054441,""y"":3.4090909090909087,""width"":16.71925266023262,""height"":46.33838383838384,""rotation"":0,""rectanglelabels"":[""open""],""original_width"":898,""original_height"":506}]",5.902,"2025-09-15T16:23:00.112055Z"
142,"1","2025-09-15T16:23:11.121747Z",111,"/data/upload/5/28a41853-frame_0550.png","[{""x"":39.27245731254639,""y"":3.535353535353535,""width"":16.50581539222965,""height"":44.44444444444444,""rotation"":0,""rectanglelabels"":[""open""],""original_width"":898,""original_height"":506}]",10.054,"2025-09-15T16:23:11.121747Z"
143,"1","2025-09-15T16:23:18.096666Z",112,"/data/upload/5/75023e0a-frame_0555.png","[{""x"":39.34360306854738,""y"":3.4090909090909087,""width"":16.363523880227675,""height"":45.70707070707071,""rotation"":0,""rectanglelabels"":[""open""],""original_width"":898,""original_height"":506}]",5.813,"2025-09-15T16:23:18.096666Z"
144,"1","2025-09-15T16:23:25.582183Z",113,"/data/upload/5/5b098e84-frame_0560.png","[{""x"":39.34360306854738,""y"":3.0303030303030303,""width"":16.221232368225692,""height"":45.95959595959596,""rotation"":0,""rectanglelabels"":[""open""],""original_width"":898,""original_height"":506}]",6.328,"2025-09-15T16:23:25.582183Z"
145,"1","2025-09-15T16:23:33.080547Z",114,"/data/upload/5/d42c2856-frame_0565.png","[{""x"":39.48589458054936,""y"":3.787878787878788,""width"":16.150086612224705,""height"":44.94949494949495,""rotation"":0,""rectanglelabels"":[""open""],""original_width"":898,""original_height"":506}]",6.449,"2025-09-15T16:23:33.080547Z"
146,"1","2025-09-15T16:23:41.141065Z",115,"/data/upload/5/c39594f3-frame_0570.png","[{""x"":39.34360306854738,""y"":2.7777777777777777,""width"":16.007795100222722,""height"":46.33838383838384,""rotation"":0,""rectanglelabels"":[""open""],""original_width"":898,""original_height"":506}]",7.177,"2025-09-15T16:23:41.141065Z"
147,"1","2025-09-15T16:23:56.022415Z",116,"/data/upload/5/43edbac6-frame_0575.png","[{""x"":39.55704033655035,""y"":3.535353535353535,""width"":16.150086612224698,""height"":46.08585858585859,""rotation"":0,""rectanglelabels"":[""open""],""original_width"":898,""original_height"":506}]",13.882,"2025-09-15T16:23:56.022415Z"
148,"1","2025-09-15T16:24:05.563699Z",117,"/data/upload/5/5a2ea76a-frame_0580.png","[{""x"":39.414748824548376,""y"":3.9141414141414144,""width"":16.434669636228655,""height"":45.58080808080808,""rotation"":0,""rectanglelabels"":[""open""],""original_width"":898,""original_height"":506}]",8.282,"2025-09-15T16:24:05.563699Z"
149,"1","2025-09-15T16:24:15.551114Z",118,"/data/upload/5/2e286b3f-frame_0585.png","[{""x"":39.414748824548376,""y"":3.535353535353535,""width"":16.434669636228655,""height"":45.83333333333333,""rotation"":0,""rectanglelabels"":[""open""],""original_width"":898,""original_height"":506}]",8.95,"2025-09-15T16:24:15.551114Z"
150,"1","2025-09-15T16:24:24.964035Z",119,"/data/upload/5/c74b25f4-frame_0590.png","[{""x"":39.414748824548376,""y"":3.2828282828282833,""width"":16.434669636228655,""height"":45.833333333333336,""rotation"":0,""rectanglelabels"":[""open""],""original_width"":898,""original_height"":506}]",8.32,"2025-09-15T16:24:24.964035Z"
151,"1","2025-09-15T16:24:37.365232Z",120,"/data/upload/5/b81be254-frame_0595.png","[{""x"":39.55704033655035,""y"":3.4090909090909083,""width"":16.29237812422669,""height"":45.959595959595944,""rotation"":0,""rectanglelabels"":[""open""],""original_width"":898,""original_height"":506},{""x"":55.493689680772086,""y"":25.757575757575758,""width"":0.2845830240039575,""height"":0.7575757575757578,""rotation"":0,""rectanglelabels"":[""open""],""original_width"":898,""original_height"":506}]",11.115,"2025-09-15T16:24:37.365232Z"
152,"1","2025-09-15T16:24:45.095157Z",121,"/data/upload/5/4beff55e-frame_0600.png","[{""x"":39.34360306854738,""y"":3.2828282828282833,""width"":16.434669636228662,""height"":45.707070707070706,""rotation"":0,""rectanglelabels"":[""open""],""original_width"":898,""original_height"":506}]",6.575,"2025-09-15T16:24:45.095157Z"
153,"1","2025-09-15T16:24:56.071336Z",122,"/data/upload/5/333f1e42-frame_0605.png","[{""x"":39.48589458054936,""y"":3.1565656565656566,""width"":16.29237812422668,""height"":46.21212121212121,""rotation"":0,""rectanglelabels"":[""open""],""original_width"":898,""original_height"":506}]",9.121,"2025-09-15T16:24:56.071336Z"
154,"1","2025-09-15T16:25:04.693765Z",123,"/data/upload/5/09bf9d35-frame_0610.png","[{""x"":39.34360306854738,""y"":2.904040404040404,""width"":16.434669636228662,""height"":46.33838383838384,""rotation"":0,""rectanglelabels"":[""open""],""original_width"":898,""original_height"":506}]",7.31,"2025-09-15T16:25:04.693765Z"
155,"1","2025-09-15T16:25:13.841783Z",124,"/data/upload/5/51513fbe-frame_0615.png","[{""x"":39.414748824548376,""y"":2.904040404040404,""width"":16.29237812422668,""height"":46.08585858585859,""rotation"":0,""rectanglelabels"":[""open""],""original_width"":898,""original_height"":506}]",7.937,"2025-09-15T16:25:13.841783Z"
238,"1","2025-09-16T12:06:03.296933Z",125,"/data/upload/5/a9ce14d4-frame_0620.png","[{""x"":39.37728937728938,""y"":1.813223008875183,""width"":16.3003663003663,""height"":46.9678871852785,""rotation"":0,""rectanglelabels"":[""close""],""original_width"":898,""original_height"":506},{""x"":4.487179487179487,""y"":3.6009280574497975,""width"":16.20879120879121,""height"":44.69262621436535,""rotation"":0,""rectanglelabels"":[""close""],""original_width"":898,""original_height"":506},{""x"":56.501831501831504,""y"":2.625816212772735,""width"":16.94139194139194,""height"":46.48033126293997,""rotation"":0,""rectanglelabels"":[""close""],""original_width"":898,""original_height"":506},{""x"":74.26739926739927,""y"":2.463297571993224,""width"":17.765567765567766,""height"":46.64284990371948,""rotation"":0,""rectanglelabels"":[""close""],""original_width"":898,""original_height"":506}]",27.261000000000003,"2025-09-16T12:06:03.296933Z"
239,"1","2025-09-16T12:06:13.375914Z",126,"/data/upload/5/6d388b67-frame_0625.png","[{""x"":39.1025641025641,""y"":2.9508534943317555,""width"":16.75824175824176,""height"":45.66773805904242,""rotation"":0,""rectanglelabels"":[""close""],""original_width"":898,""original_height"":506}]",7.523000000000001,"2025-09-16T12:06:13.375914Z"
240,"1","2025-09-16T12:06:28.020468Z",127,"/data/upload/5/60dcf50c-frame_0630.png","[{""x"":39.285714285714285,""y"":3.438409416670287,""width"":16.575091575091577,""height"":45.017663495924374,""rotation"":0,""rectanglelabels"":[""close""],""original_width"":898,""original_height"":506}]",11.46,"2025-09-16T12:06:28.020468Z"
241,"1","2025-09-16T12:06:42.434656Z",128,"/data/upload/5/b284f87a-frame_0635.png","[{""x"":39.1025641025641,""y"":2.788334853552245,""width"":16.300366300366306,""height"":45.66773805904242,""rotation"":0,""rectanglelabels"":[""close""],""original_width"":898,""original_height"":506}]",11.34,"2025-09-16T12:06:42.434656Z"
242,"1","2025-09-16T12:06:51.518067Z",129,"/data/upload/5/1c1760c2-frame_0640.png","[{""x"":39.1941391941392,""y"":2.625816212772735,""width"":16.391941391941394,""height"":45.99277534060144,""rotation"":0,""rectanglelabels"":[""close""],""original_width"":898,""original_height"":506}]",6.817,"2025-09-16T12:06:51.518067Z"
243,"1","2025-09-16T12:07:00.416105Z",130,"/data/upload/5/6c076073-frame_0645.png","[{""x"":39.1025641025641,""y"":2.625816212772735,""width"":16.20879120879121,""height"":45.505219418262904,""rotation"":0,""rectanglelabels"":[""close""],""original_width"":898,""original_height"":506}]",6.208,"2025-09-16T12:07:00.416105Z"
244,"1","2025-09-16T12:07:09.145805Z",131,"/data/upload/5/ee508ae4-frame_0650.png","[{""x"":39.1025641025641,""y"":3.438409416670287,""width"":16.575091575091577,""height"":44.69262621436535,""rotation"":0,""rectanglelabels"":[""close""],""original_width"":898,""original_height"":506}]",5.913,"2025-09-16T12:07:09.145805Z"
245,"1","2025-09-16T12:07:17.723750Z",132,"/data/upload/5/e8dc0515-frame_0655.png","[{""x"":39.010989010989015,""y"":3.438409416670287,""width"":16.117216117216117,""height"":45.180182136703884,""rotation"":0,""rectanglelabels"":[""close""],""original_width"":898,""original_height"":506}]",5.776000000000001,"2025-09-16T12:07:17.724747Z"
246,"1","2025-09-16T12:07:27.405631Z",133,"/data/upload/5/4b07e5d5-frame_0660.png","[{""x"":39.010989010989015,""y"":3.6009280574497975,""width"":16.483516483516482,""height"":45.180182136703884,""rotation"":0,""rectanglelabels"":[""close""],""original_width"":898,""original_height"":506}]",6.2379999999999995,"2025-09-16T12:07:27.405631Z"
247,"1","2025-09-16T12:07:35.792317Z",134,"/data/upload/5/db2c4610-frame_0665.png","[{""x"":38.553113553113555,""y"":3.1133721351112658,""width"":16.75824175824176,""height"":45.3427007774834,""rotation"":0,""rectanglelabels"":[""close""],""original_width"":898,""original_height"":506}]",5.8180000000000005,"2025-09-16T12:07:35.792317Z"
248,"1","2025-09-16T12:07:47.370736Z",135,"/data/upload/5/0f82867d-frame_0670.png","[{""x"":38.73626373626374,""y"":3.1133721351112658,""width"":16.391941391941394,""height"":45.66773805904242,""rotation"":0,""rectanglelabels"":[""close""],""original_width"":898,""original_height"":506}]",9.200999999999999,"2025-09-16T12:07:47.370736Z"
